Unnamed: 0	Sequence	Prediction	Probability	Motif
0	>DBAASP_1432KRFHSVGSLIQRHQQMIRDKSEATRHGIRIITRPKLLLAS	AMP	0.71268064	MOTIF 3..5; MOTIF 6..8; MOTIF 11..13; MOTIF 15..17; MOTIF 19..21; MOTIF 23..25; MOTIF 26..29; MOTIF 31..33; MOTIF 35..35
1	>DBAASP_14649IDWKKLLDPAKQIL	AMP	0.99999964	MOTIF 2..5; MOTIF 6..9; MOTIF 11..11
2	>DBAASP_10705FLGGLIKRPPAMICAVRKKC	AMP	0.9999988	MOTIF 3..5; MOTIF 7..9; MOTIF 10..13; MOTIF 15..17; MOTIF 19..19
3	>DBAASP_20619RWKRHISEQLRRRDRLQR	AMP	0.99999845	MOTIF 2..5; MOTIF 7..9; MOTIF 11..13; MOTIF 14..15
4	>DBAASP_9717FPVTWPTKWRKG	AMP	0.9999999	MOTIF 2..5; MOTIF 6..9; MOTIF 10..11
5	>DBAASP_16807KLLDIVKKVVGALG	AMP	0.9999993	MOTIF 3..5; MOTIF 6..9; MOTIF 10..11
6	>DBAASP_16744RFWQRNIRIRR	AMP	0.99999857	MOTIF 2..5; MOTIF 6..9; MOTIF 10..10
7	>DBAASP_4579QLKVDLWGTRSGI	AMP	0.99999917	MOTIF 2..5; MOTIF 6..9; MOTIF 11..11
8	>DBAASP_10702FLGGLIKPVPAMICAVRKKC	AMP	0.99999917	MOTIF 3..5; MOTIF 7..9; MOTIF 10..13; MOTIF 14..17; MOTIF 19..19
9	>DBAASP_14024IHHIHHHIHHIHHHIHHIHHHIHHIHHH	AMP	0.99973017	MOTIF 3..5; MOTIF 6..9; MOTIF 10..13; MOTIF 15..17; MOTIF 19..21; MOTIF 23..25; MOTIF 27..27
10	>DBAASP_3391IGKEFKRIVQRIKDFLRNLVPRTES	AMP	0.99999547	MOTIF 3..5; MOTIF 6..9; MOTIF 11..13; MOTIF 15..17; MOTIF 19..21; MOTIF 23..23
11	>DBAASP_15902KRFWPLVPVAINTVAAGIN	AMP	0.9999999	MOTIF 3..5; MOTIF 6..9; MOTIF 11..13; MOTIF 15..15
12	>DBAASP_18106ACTKSIPPICGK	AMP	0.99999964	MOTIF 3..5; MOTIF 7..9; MOTIF 11..11
13	>DBAASP_18758GSKKPVPIIYCNAATGKCQRM	AMP	1.0	MOTIF 2..5; MOTIF 7..9; MOTIF 11..13; MOTIF 15..17; MOTIF 19..19
14	>DBAASP_7150LLPIVGNLLKSLLGAKRKRAG	AMP	0.999998	MOTIF 3..5; MOTIF 7..9; MOTIF 11..13; MOTIF 15..17; MOTIF 19..19
15	>DBAASP_20566RRRRWWWWWWW	AMP	0.99999917	MOTIF 2..5; MOTIF 6..9; MOTIF 10..10
16	>DBAASP_9720FPVTWPTKWWEG	AMP	0.99999976	MOTIF 2..5; MOTIF 6..9; MOTIF 10..11
17	>DBAASP_15877MKKALQYIKLLKE	AMP	0.9999683	MOTIF 1..5; MOTIF 7..9; MOTIF 11..11
18	>DBAASP_2225GFKEVLKADLGSLVKGIAAHVAN	AMP	0.9999999	MOTIF 2..5; MOTIF 7..9; MOTIF 11..13; MOTIF 15..17; MOTIF 19..19
19	>DBAASP_12188VQWLEQQVAKRRTKR	AMP	0.99999964	MOTIF 2..5; MOTIF 6..9; MOTIF 11..13; MOTIF 14..14
20	>DBAASP_17504LKKIGKKIWRVG	AMP	0.99999964	MOTIF 2..5; MOTIF 6..9; MOTIF 11..11
21	>DBAASP_5024HFLGTLVNLKKKIL	AMP	1.0	MOTIF 2..5; MOTIF 6..9; MOTIF 10..11
22	>DBAASP_10129KIAGKIAKIAGKIA	AMP	0.9999999	MOTIF 3..5; MOTIF 6..9; MOTIF 11..11
23	>DBAASP_3952FLGVVFKKASKVFPAVFGKV	AMP	1.0	MOTIF 3..5; MOTIF 7..9; MOTIF 10..13; MOTIF 14..17; MOTIF 19..19
24	>DBAASP_9725FPLTCPTKWWKG	AMP	0.9999999	MOTIF 2..5; MOTIF 6..9; MOTIF 10..11
25	>DBAASP_8802KIWFQNKKMKWKK	AMP	0.99999976	MOTIF 2..5; MOTIF 6..9; MOTIF 10..11
26	>DBAASP_8145KKAKKFGKAFVK	AMP	1.0	MOTIF 3..5; MOTIF 7..9; MOTIF 11..11
27	>DBAASP_20016LGLFLLLLRLILKGFKL	AMP	0.9999999	MOTIF 3..5; MOTIF 6..9; MOTIF 11..13; MOTIF 15..15
28	>DBAASP_10011GVVDILKGAAKDIAGHLASKVMN	AMP	0.99999034	MOTIF 2..5; MOTIF 6..9; MOTIF 10..13; MOTIF 15..17; MOTIF 19..19
29	>DBAASP_4249IKKVASVIGGL	AMP	1.0	MOTIF 2..5; MOTIF 6..9; MOTIF 10..10
30	>DBAASP_18108ACTSIPPICGK	AMP	0.99999917	MOTIF 3..5; MOTIF 7..7
31	>DBAASP_13706ATAYARTGRCATRESLSGVAEISGRLYRLCAR	AMP	0.99387944	MOTIF 15..17; MOTIF 19..21; MOTIF 23..23
32	>DBAASP_20099FLGALIPAITGLIGGLINR	AMP	0.99999964	MOTIF 3..5; MOTIF 7..9; MOTIF 11..13; MOTIF 15..15
33	>DBAASP_16465FLPKILKVAAK	AMP	1.0	MOTIF 2..5; MOTIF 6..9; MOTIF 10..10
34	>DBAASP_4255GLFDVIKKVAS	AMP	0.9999995	MOTIF 2..5; MOTIF 6..9; MOTIF 10..10
35	>DBAASP_16389GLLDLLKGAGKGLLTHLASQI	AMP	0.9999976	MOTIF 2..5; MOTIF 7..9; MOTIF 11..13; MOTIF 15..17; MOTIF 19..19
36	>DBAASP_14102FLPLILFWIVTAL	AMP	0.99999964	MOTIF 2..5; MOTIF 6..9; MOTIF 10..11
37	>DBAASP_13831ALRGCWTKSIPPKPCP	AMP	0.9999999	MOTIF 3..5; MOTIF 7..9; MOTIF 10..13; MOTIF 14..15
38	>DBAASP_17773YANPAVVRPHAQIPQR	AMP	0.9999974	MOTIF 2..5; MOTIF 7..13; MOTIF 15..15
39	>DBAASP_14654FKCRRWQRNMRKVRGPPVSCIKRDS	AMP	0.9999999	MOTIF 3..5; MOTIF 7..9; MOTIF 11..13; MOTIF 15..17; MOTIF 19..21; MOTIF 23..23
40	>DBAASP_6914LQKYYCRVRGGRCAVLSCLPKEEQIGKCSTRGRKCCRRKK	AMP	0.9988217	MOTIF 11..13; MOTIF 15..17; MOTIF 19..21; MOTIF 23..25; MOTIF 39..39
41	>DBAASP_5251PRPLPFPRPGPRPI	AMP	1.0	MOTIF 2..5; MOTIF 6..9; MOTIF 10..11
42	>DBAASP_3976FLGKVFKGVSKVFPAVFGKV	AMP	1.0	MOTIF 3..5; MOTIF 7..9; MOTIF 10..13; MOTIF 15..17; MOTIF 19..19
43	>DBAASP_4561GKSDVRRWRSRY	AMP	0.9999995	MOTIF 2..5; MOTIF 7..9; MOTIF 11..11
44	>DBAASP_6420LDDLPGALSELSDLHAHKLRVDPVNFKLLSHSL	AMP	0.88581717	MOTIF 11..13; MOTIF 15..17; MOTIF 19..21; MOTIF 23..25; MOTIF 27..29; MOTIF 31..31
45	>DBAASP_16716FIWQRNIRKVR	AMP	0.9999993	MOTIF 2..5; MOTIF 6..9; MOTIF 10..10
46	>DBAASP_3984FLGKVFKKASKVFPAVVGKV	AMP	1.0	MOTIF 3..5; MOTIF 7..9; MOTIF 10..13; MOTIF 15..17; MOTIF 19..19
47	>DBAASP_15005DLASLARLYALAR	AMP	0.9999938	MOTIF 2..5; MOTIF 7..9; MOTIF 11..11
48	>DBAASP_3967FLGVVFKSASKVFPAVFGKV	AMP	0.9999999	MOTIF 3..5; MOTIF 7..9; MOTIF 10..13; MOTIF 14..17; MOTIF 19..19
49	>DBAASP_18165FLQGIIDTVGKWL	AMP	0.99999917	MOTIF 2..5; MOTIF 6..9; MOTIF 10..11
50	>DBAASP_3968FLGGVFKGASKVFPAVFGKV	AMP	1.0	MOTIF 3..5; MOTIF 7..9; MOTIF 10..13; MOTIF 14..17; MOTIF 19..19
51	>DBAASP_16981FPVTWRWWKWWKGKFPVTWRWWKWWKG	AMP	0.99999905	MOTIF 3..5; MOTIF 6..9; MOTIF 10..13; MOTIF 15..17; MOTIF 19..21; MOTIF 23..23
52	>DBAASP_18063PRYPRWPRHPT	AMP	0.99999964	MOTIF 2..5; MOTIF 6..9; MOTIF 10..10
53	>DBAASP_16732FFWQRNIRIRR	AMP	0.9999995	MOTIF 2..5; MOTIF 6..9; MOTIF 10..10
54	>DBAASP_16799GLFDILKKLLKLLK	AMP	0.9999999	MOTIF 2..5; MOTIF 6..9; MOTIF 10..11
55	>DBAASP_14655FKCRRWQWNMRKVRGPPVSCIKRDS	AMP	0.99999964	MOTIF 3..5; MOTIF 7..9; MOTIF 11..13; MOTIF 15..17; MOTIF 19..21; MOTIF 23..23
56	>DBAASP_6921AVLSALPKEEQIGKASTRGRKAARRKK	AMP	0.9999814	MOTIF 3..5; MOTIF 11..13; MOTIF 15..17; MOTIF 19..21; MOTIF 23..23
57	>DBAASP_2158AGRGKQGGKVRAKAKTRSSRAGLQFPVGRVHRLLRKGNY	AMP	0.9646127	MOTIF 3..5; MOTIF 6..17; MOTIF 19..21; MOTIF 23..25; MOTIF 26..29; MOTIF 30..33; MOTIF 35..37; MOTIF 38..38
58	>DBAASP_8163KTRNWFSEHFKKVKEKLKDTFA	AMP	0.99999547	MOTIF 3..5; MOTIF 7..9; MOTIF 11..17; MOTIF 19..19
59	>DBAASP_20812FLPFLGKLLSGIF	AMP	0.9999999	MOTIF 2..5; MOTIF 6..9; MOTIF 10..11
60	>DBAASP_10437IIGPVLGLIGKALGGLL	AMP	0.9999999	MOTIF 2..5; MOTIF 6..9; MOTIF 10..13; MOTIF 15..15
61	>DBAASP_9721FPVTWPTKWLKG	AMP	0.9999999	MOTIF 2..5; MOTIF 6..9; MOTIF 10..11
62	>DBAASP_16673FWQRRIRKVRR	AMP	0.9999989	MOTIF 2..5; MOTIF 6..9; MOTIF 10..10
63	>DBAASP_13704ATCYARTGRAATRESLSGVAEISGRLYRLACR	AMP	0.99933785	MOTIF 11..13; MOTIF 15..17; MOTIF 19..21; MOTIF 23..23
64	>DBAASP_13705ATAYCRTGRAATRESLSGVCEISGRLYRLAAR	AMP	0.9984426	MOTIF 19..21; MOTIF 23..23
65	>DBAASP_8510RRIRPRPPRLPRPC	AMP	1.0	MOTIF 2..5; MOTIF 6..9; MOTIF 10..11
66	>DBAASP_4581KSDVRRWRSRY	AMP	0.9999995	MOTIF 2..5; MOTIF 6..9; MOTIF 10..10
67	>DBAASP_8294GVFDIIKGAGKQLIAHAMGKIAEKVGLNKDGN	AMP	0.9976184	MOTIF 0..5; MOTIF 6..9; MOTIF 10..13; MOTIF 15..17; MOTIF 18..21; MOTIF 22..29; MOTIF 30..31
68	>DBAASP_17501LKKIGKKIWRVGWNTRDATIQ	AMP	0.9999995	MOTIF 3..5; MOTIF 7..9; MOTIF 11..13; MOTIF 15..17; MOTIF 18..19
69	>DBAASP_5246PRPPRLPRPRPRPLPFPRP	AMP	1.0	MOTIF 3..5; MOTIF 6..9; MOTIF 11..13; MOTIF 15..15
70	>DBAASP_16144KLDLKLDLKLDL	AMP	1.0	MOTIF 2..5; MOTIF 6..9; MOTIF 10..11
71	>DBAASP_16676KWQRNIRKVRR	AMP	0.9999989	MOTIF 2..5; MOTIF 6..9; MOTIF 10..10
72	>DBAASP_4395GLMDTVKNAAKNLAGQMLDKLKCKITGSC	AMP	0.99997556	MOTIF 11..13; MOTIF 15..17; MOTIF 19..21; MOTIF 23..25; MOTIF 27..27
73	>DBAASP_16779LNLKALLAVAKK	AMP	1.0	MOTIF 3..9; MOTIF 11..11
74	>DBAASP_8141GKFLKKAKKFGK	AMP	1.0	MOTIF 2..5; MOTIF 6..9; MOTIF 10..11
75	>DBAASP_15875KKMKKALQYIKLLKE	AMP	0.99999976	MOTIF 3..5; MOTIF 7..11
76	>DBAASP_2024KISKRILTGKK	AMP	0.9999999	MOTIF 2..5; MOTIF 6..9; MOTIF 10..10
77	>DBAASP_20138FIGAIARLLSK	AMP	0.9999999	MOTIF 2..5; MOTIF 6..9; MOTIF 10..10
78	>DBAASP_20389GLISGILGAGKKVLC	AMP	0.99999976	MOTIF 2..5; MOTIF 6..9; MOTIF 10..13; MOTIF 14..14
79	>DBAASP_16684CFWQRNIRKVCR	AMP	0.99999964	MOTIF 3..5; MOTIF 6..9; MOTIF 11..11
80	>DBAASP_14315SLRSSIKDMAAAAGRAALNAVNGIVNP	AMP	0.9998012	MOTIF 3..5; MOTIF 7..9; MOTIF 11..13; MOTIF 15..17; MOTIF 19..21; MOTIF 23..23
81	>DBAASP_7648KAGLAFPVGRVHRLLRK	AMP	0.9999989	MOTIF 3..5; MOTIF 7..9; MOTIF 10..13; MOTIF 15..15
82	>DBAASP_6913LQKYYCRVRGGRCAVLS	AMP	0.9999994	MOTIF 2..5; MOTIF 7..9; MOTIF 11..13; MOTIF 14..15
83	>DBAASP_3777GWASKIGQTLGKMAKVGLQELIQPK	AMP	0.99999595	MOTIF 2..5; MOTIF 7..9; MOTIF 11..13; MOTIF 15..17; MOTIF 19..21; MOTIF 23..23
84	>DBAASP_15004YYQVSEERRRDLASLARLYALAR	AMP	0.99984765	MOTIF 3..5; MOTIF 7..9; MOTIF 11..13; MOTIF 15..17; MOTIF 19..19
85	>DBAASP_12192TKRSLSPHRPRHSRLQREPQVQWLEQQVAKRRTKR	AMP	0.9944143	MOTIF 10..13; MOTIF 15..17; MOTIF 19..21; MOTIF 23..25; MOTIF 27..27
86	>DBAASP_5025HFLGTLVNLAKKKL	AMP	1.0	MOTIF 2..5; MOTIF 6..9; MOTIF 10..11
87	>DBAASP_20322AGYSRMIRRPPGFSPFRVAPASSLKR	AMP	0.99993885	MOTIF 3..5; MOTIF 7..9; MOTIF 11..13; MOTIF 15..17; MOTIF 19..23
88	>DBAASP_16668FWQRNIRKVKKK	AMP	0.9999995	MOTIF 2..5; MOTIF 6..9; MOTIF 10..11
89	>DBAASP_14028IHHIHHIIHHIHHIIHHIHHIIHHIHHI	AMP	0.9993574	MOTIF 3..5; MOTIF 6..9; MOTIF 10..13; MOTIF 15..17; MOTIF 19..21; MOTIF 23..25; MOTIF 27..27
90	>DBAASP_19842ELPIVAKLLSGLL	AMP	0.99999964	MOTIF 2..5; MOTIF 6..9; MOTIF 10..11
91	>DBAASP_17330GLHKVMREVLGY	AMP	0.9999989	MOTIF 2..5; MOTIF 7..9; MOTIF 10..11
92	>DBAASP_4393ILGAILPLVSGLLSNKL	AMP	0.99999905	MOTIF 3..5; MOTIF 7..9; MOTIF 10..13; MOTIF 15..15
93	>DBAASP_4248DVIKKVASVIGGL	AMP	0.9999999	MOTIF 2..5; MOTIF 6..9; MOTIF 10..11
94	>DBAASP_14268VRRFPAAWPFLRR	AMP	0.9999995	MOTIF 2..5; MOTIF 6..9; MOTIF 10..11
95	>DBAASP_9904WMQKVIDRFGG	AMP	0.9999914	MOTIF 3..7
96	>DBAASP_17013KLLKLLKKPLKLLK	AMP	1.0	MOTIF 3..5; MOTIF 6..9; MOTIF 10..11
97	>DBAASP_17331YERNSYKKFFLR	AMP	0.99999976	MOTIF 2..5; MOTIF 6..9; MOTIF 10..11
98	>DBAASP_2505IPHAVKAISDLI	AMP	0.99999964	MOTIF 2..5; MOTIF 6..9; MOTIF 10..11
99	>DBAASP_3978FLGKVFKGASKVVPAVFGKV	AMP	0.9999999	MOTIF 3..5; MOTIF 7..9; MOTIF 10..13; MOTIF 15..17; MOTIF 19..19
100	>DBAASP_20441GLLSGILGAGKK	AMP	0.9999999	MOTIF 2..5; MOTIF 6..9; MOTIF 10..11
101	>DBAASP_1202RLARIVPIRVAR	AMP	0.99999785	MOTIF 3..5; MOTIF 7..9; MOTIF 11..11
102	>DBAASP_12925AAKAAAKAAAKAA	AMP	1.0	MOTIF 2..5; MOTIF 6..9; MOTIF 11..11
103	>DBAASP_3963FLGVVFKKASKVFPAVFKKV	AMP	0.9999999	MOTIF 3..5; MOTIF 7..9; MOTIF 10..13; MOTIF 14..17; MOTIF 19..19
104	>DBAASP_19854FLPIVAKLLSGLE	AMP	1.0	MOTIF 2..5; MOTIF 6..9; MOTIF 10..11
105	>DBAASP_14656FKCRRWQWRMRKVRGPPVSCIKRDS	AMP	0.99999964	MOTIF 3..5; MOTIF 7..9; MOTIF 11..13; MOTIF 15..17; MOTIF 19..21; MOTIF 23..23
106	>DBAASP_15886KKMKKALQYIKL	AMP	0.99999976	MOTIF 3..5; MOTIF 7..11
107	>DBAASP_19515ASVVNKLTGGVAGLLK	AMP	0.9999976	MOTIF 3..5; MOTIF 7..9; MOTIF 10..13; MOTIF 14..15
108	>DBAASP_15007VSFNRAVIHSLLG	AMP	0.9999913	MOTIF 2..5; MOTIF 6..9; MOTIF 10..11
109	>DBAASP_17929GILDIKNKVSNLFKKIKGEK	AMP	0.99999964	MOTIF 2..5; MOTIF 6..9; MOTIF 11..13; MOTIF 14..17; MOTIF 19..19
110	>DBAASP_13415AMAYLAKDNLGEKITEVITILLNRLTDRLEKYAG	AMP	0.83451223	MOTIF 3..5; MOTIF 6..9; MOTIF 11..13; MOTIF 15..17; MOTIF 19..21; MOTIF 23..25; MOTIF 27..29; MOTIF 31..33
111	>DBAASP_8162FSTKTRNWFSEHFKKVKEKLKDTFA	AMP	0.9999888	MOTIF 3..5; MOTIF 7..9; MOTIF 11..13; MOTIF 15..17; MOTIF 19..21; MOTIF 23..23
112	>DBAASP_21030MLRKVGVIGHWKIWWSGGWKRWRWR	AMP	0.99569064	MOTIF 1..5; MOTIF 7..9; MOTIF 10..13; MOTIF 15..17; MOTIF 19..21; MOTIF 23..23
113	>DBAASP_1127FLPIVGKLLSGLL	AMP	0.9999999	MOTIF 2..5; MOTIF 6..9; MOTIF 10..11
114	>DBAASP_20396GAPKGCWTKSYPPKPCSGKR	AMP	1.0	MOTIF 2..5; MOTIF 7..9; MOTIF 11..13; MOTIF 15..17; MOTIF 18..19
115	>DBAASP_20947KRIVQRIKDFLRKCCKKP	AMP	1.0	MOTIF 3..5; MOTIF 6..9; MOTIF 10..13; MOTIF 14..15
116	>DBAASP_20570RRRRRWWWWWWW	AMP	0.99999905	MOTIF 2..5; MOTIF 6..9; MOTIF 10..11
117	>DBAASP_2227GFKEVLKAGLGSLVKGIPAHVAN	AMP	0.9999999	MOTIF 2..5; MOTIF 7..9; MOTIF 11..13; MOTIF 15..17; MOTIF 19..19
118	>DBAASP_19590FVDLKKIANII	AMP	0.99999976	MOTIF 2..5; MOTIF 6..9; MOTIF 10..10
119	>DBAASP_17012KLLKLPKKLLKLLK	AMP	1.0	MOTIF 3..5; MOTIF 6..9; MOTIF 10..11
120	>DBAASP_14027IHHIHHIIHHIHHIIHHIHHI	AMP	0.99998164	MOTIF 3..5; MOTIF 6..9; MOTIF 10..13; MOTIF 15..17; MOTIF 19..19
121	>DBAASP_20100FLGALIPAITG	AMP	0.9999999	MOTIF 2..5; MOTIF 6..9; MOTIF 10..10
122	>DBAASP_13833ALRGCWTKSIPPKPCK	AMP	0.9999999	MOTIF 3..5; MOTIF 7..9; MOTIF 10..13; MOTIF 14..15
123	>DBAASP_6008GLLNVIKDTAQNLFAAALDKLKCKVTKCN	AMP	0.9999796	MOTIF 2..4; MOTIF 7..9; MOTIF 11..17; MOTIF 19..21; MOTIF 23..25; MOTIF 27..27
124	>DBAASP_14176AVAVVGQAATVVK	AMP	0.99999905	MOTIF 3..5; MOTIF 6..9; MOTIF 11..11
125	>DBAASP_9799FLSLIPHAIKAVGVHAKHF	AMP	0.99999905	MOTIF 3..5; MOTIF 6..9; MOTIF 11..13; MOTIF 15..15
126	>DBAASP_20105FLGALIPAIAG	AMP	1.0	MOTIF 2..5; MOTIF 6..9; MOTIF 10..10
127	>DBAASP_18158INLKAVAALAKKLL	AMP	1.0	MOTIF 2..9; MOTIF 10..11
128	>DBAASP_20442GILSGLLGAGKKIVCGLSGMC	AMP	0.99999917	MOTIF 2..5; MOTIF 7..9; MOTIF 11..13; MOTIF 15..17; MOTIF 19..19
129	>DBAASP_16681RWQRNIRKYRR	AMP	0.9999989	MOTIF 2..5; MOTIF 6..9; MOTIF 10..10
130	>DBAASP_11187RPRFPPPFPIPRIPRIP	AMP	1.0	MOTIF 2..5; MOTIF 6..9; MOTIF 10..13; MOTIF 15..15
131	>DBAASP_2443GLFKGKKKNKKTK	AMP	0.9999999	MOTIF 2..5; MOTIF 6..9; MOTIF 10..11
132	>DBAASP_17759RIKTVTSFDLPALRFLKL	AMP	0.9999927	MOTIF 2..5; MOTIF 6..9; MOTIF 11..13; MOTIF 14..15
133	>DBAASP_20620RWKRHISEQLRRRDRLQRQAF	AMP	0.99999666	MOTIF 2..5; MOTIF 7..9; MOTIF 11..13; MOTIF 15..17; MOTIF 19..19
134	>DBAASP_3979FLGVVFKGASKVFPAVVGKV	AMP	0.9999999	MOTIF 3..5; MOTIF 7..9; MOTIF 10..13; MOTIF 14..17; MOTIF 19..19
135	>DBAASP_18062RLPRYPRYPRWPRHPT	AMP	0.9999975	MOTIF 2..5; MOTIF 7..9; MOTIF 11..13; MOTIF 15..15
136	>DBAASP_12674QLGKKKHRRRPSKKKRHW	AMP	0.9999994	MOTIF 3..5; MOTIF 6..9; MOTIF 10..13; MOTIF 15..15
137	>DBAASP_10738GLFDIVKKVVGAAGSL	AMP	0.999998	MOTIF 2..5; MOTIF 6..9; MOTIF 11..13; MOTIF 14..15
138	>DBAASP_10123KIAGKIAKIAKKIAK	AMP	1.0	MOTIF 3..5; MOTIF 6..9; MOTIF 11..13; MOTIF 14..14
139	>DBAASP_9905KKWMQKVIDRFGG	AMP	0.99999976	MOTIF 3..5; MOTIF 6..9; MOTIF 11..11
140	>DBAASP_17502LKKIGKKIWRVGWNTR	AMP	0.99999976	MOTIF 2..5; MOTIF 7..9; MOTIF 11..13; MOTIF 15..15
141	>DBAASP_16682RRWQRNIRKYRR	AMP	0.99999905	MOTIF 2..5; MOTIF 6..9; MOTIF 11..11
142	>DBAASP_3980FLGKVVKKASKVFPAVFGKV	AMP	1.0	MOTIF 3..5; MOTIF 7..9; MOTIF 10..13; MOTIF 15..17; MOTIF 19..19
143	>DBAASP_19850FLPIVAKLESGLL	AMP	1.0	MOTIF 2..5; MOTIF 6..9; MOTIF 10..11
144	>DBAASP_9716FPVTWPTKWWKS	AMP	0.99999964	MOTIF 2..5; MOTIF 6..9; MOTIF 10..11
145	>DBAASP_8800KIWFQNRRMKWKK	AMP	0.9999999	MOTIF 3..5; MOTIF 6..9; MOTIF 11..11
146	>DBAASP_16678RRWQRNIRKVRR	AMP	0.9999989	MOTIF 2..5; MOTIF 6..9; MOTIF 11..11
147	>DBAASP_10642GRFRRLRKKTRK	AMP	0.99999964	MOTIF 2..5; MOTIF 6..9; MOTIF 10..11
148	>DBAASP_12185GIMDTVKNAAKNLAGQLLDKLK	AMP	0.9999968	MOTIF 2..5; MOTIF 7..13; MOTIF 15..17; MOTIF 19..19
149	>DBAASP_3402ILPILGNLLNGLL	AMP	0.99999917	MOTIF 2..5; MOTIF 6..9; MOTIF 10..11
150	>DBAASP_16780LNLKALLAVAK	AMP	0.9999999	MOTIF 3..7
151	>DBAASP_1899ATAWNLGPHGLRPIRPIRIRPLCGKDKS	AMP	0.99999654	MOTIF 3..5; MOTIF 11..13; MOTIF 15..17; MOTIF 19..21; MOTIF 23..25; MOTIF 27..27
152	>DBAASP_1362TKCFQWQRNMRKVRGPPVSCIKRDS	AMP	0.99999905	MOTIF 3..5; MOTIF 7..9; MOTIF 11..13; MOTIF 15..17; MOTIF 19..21; MOTIF 23..23
153	>DBAASP_17507LKWIGKKIWRVG	AMP	0.9999995	MOTIF 2..5; MOTIF 7..9; MOTIF 11..11
154	>DBAASP_6009GLLNVIKDTAQNLFAAALEKLKCKVTKCN	AMP	0.99998105	MOTIF 2..4; MOTIF 7..9; MOTIF 11..17; MOTIF 19..21; MOTIF 23..25; MOTIF 27..27
155	>DBAASP_16798GLFDLLKKLLKLLK	AMP	1.0	MOTIF 2..5; MOTIF 6..9; MOTIF 10..11
156	>DBAASP_3960FLKVVFKKASKVFPAVFGKV	AMP	0.9999999	MOTIF 3..5; MOTIF 7..9; MOTIF 11..13; MOTIF 14..17; MOTIF 19..19
157	>DBAASP_19869GVIIDTLKGAAKTVAAELLRKAH	AMP	0.99999774	MOTIF 2..5; MOTIF 6..9; MOTIF 11..13; MOTIF 15..17; MOTIF 19..19
158	>DBAASP_19873GVIIKTLKGAAKTV	AMP	1.0	MOTIF 2..5; MOTIF 6..9; MOTIF 10..11
159	>DBAASP_17522LWKIWWKIWRVWWNWR	AMP	0.999997	MOTIF 2..5; MOTIF 7..9; MOTIF 11..13; MOTIF 15..15
160	>DBAASP_11186PYLPRPGRRPRFPPPFP	AMP	0.9999999	MOTIF 2..5; MOTIF 6..9; MOTIF 11..13; MOTIF 15..15
161	>DBAASP_18156INLKAIAASAKKLL	AMP	0.9999999	MOTIF 2..9; MOTIF 10..11
162	>DBAASP_7103ILGTIPGLLKGL	AMP	0.9999999	MOTIF 2..5; MOTIF 6..9; MOTIF 10..11
163	>DBAASP_17333KVMREVLGYERNSYK	AMP	0.9999993	MOTIF 3..5; MOTIF 6..11
164	>DBAASP_320KIGAIKKWGAIKKIGAIK	AMP	0.9999999	MOTIF 3..5; MOTIF 7..9; MOTIF 10..13; MOTIF 15..15
165	>DBAASP_16683CFWQRNIRKVRC	AMP	0.99999833	MOTIF 3..5; MOTIF 6..9; MOTIF 11..11
166	>DBAASP_16669FWQRNIRKVRRRR	AMP	0.9999982	MOTIF 2..5; MOTIF 6..9; MOTIF 10..11
167	>DBAASP_3966FLGVVFKGASKVFPAVFGKV	AMP	1.0	MOTIF 3..5; MOTIF 7..9; MOTIF 10..13; MOTIF 14..17; MOTIF 19..19
168	>DBAASP_19286GLLGKILGAGKKVL	AMP	1.0	MOTIF 2..5; MOTIF 6..9; MOTIF 10..11
169	>DBAASP_9333GRRPRPRPRPFFF	AMP	1.0	MOTIF 2..5; MOTIF 6..9; MOTIF 10..11
170	>DBAASP_9703KWKSFLKTFKSAEKTVLHTALKAISS	AMP	0.9999374	MOTIF 3..5; MOTIF 7..9; MOTIF 11..13; MOTIF 15..17; MOTIF 19..21; MOTIF 23..23
171	>DBAASP_8288GVFDIIKDAGKQLVAHAMGKIAEKV	AMP	0.99997854	MOTIF 2..5; MOTIF 6..9; MOTIF 11..13; MOTIF 14..17; MOTIF 19..21; MOTIF 23..23
172	>DBAASP_14023IHHIHHHIHHIHHHIHHIHHH	AMP	0.9999901	MOTIF 3..5; MOTIF 6..9; MOTIF 10..13; MOTIF 15..17; MOTIF 19..19
173	>DBAASP_14194GTNLYMLPKWDIP	AMP	0.9999974	MOTIF 2..5; MOTIF 6..11
174	>DBAASP_13773KWFRVYRGIYRRRR	AMP	0.9999995	MOTIF 2..5; MOTIF 6..9; MOTIF 10..11
175	>DBAASP_14093FKARRWQWRMKKLGA	AMP	0.9999995	MOTIF 2..5; MOTIF 7..9; MOTIF 11..13; MOTIF 14..14
176	>DBAASP_3403ILPILGNLLNSLL	AMP	0.9999993	MOTIF 2..5; MOTIF 6..9; MOTIF 10..11
177	>DBAASP_11218GFLEKLKTGAKDFASAFVNSIK	AMP	0.99999976	MOTIF 2..5; MOTIF 7..9; MOTIF 11..13; MOTIF 15..17; MOTIF 19..19
178	>DBAASP_16658FQWQRNIRKVR	AMP	0.99999774	MOTIF 2..5; MOTIF 6..9; MOTIF 10..10
179	>DBAASP_7637EPFKISIHLGGY	AMP	0.9999975	MOTIF 2..5; MOTIF 6..9; MOTIF 10..11
180	>DBAASP_14314SLWSSIKDMAAAAGRAALNAVNGILNP	AMP	0.9999571	MOTIF 3..5; MOTIF 7..9; MOTIF 11..13; MOTIF 15..17; MOTIF 19..21; MOTIF 23..23
181	>DBAASP_19589FVDLKKIANIL	AMP	0.9999999	MOTIF 2..5; MOTIF 6..9; MOTIF 10..10
182	>DBAASP_18065PRYPRWPRHPD	AMP	0.99999917	MOTIF 2..5; MOTIF 6..9; MOTIF 10..10
183	>DBAASP_7115FPVTWPTKWWKG	AMP	0.99999976	MOTIF 2..5; MOTIF 6..9; MOTIF 10..11
184	>DBAASP_19127GFFKKAKRKVKKAG	AMP	1.0	MOTIF 2..5; MOTIF 6..9; MOTIF 10..11
185	>DBAASP_20397KEERGAPKGCWTKSYPPKPCSGKR	AMP	0.9999999	MOTIF 3..5; MOTIF 7..9; MOTIF 11..13; MOTIF 15..17; MOTIF 19..21; MOTIF 23..23
186	>DBAASP_4553LRRLWLRANRL	AMP	0.99999964	MOTIF 2..5; MOTIF 6..9; MOTIF 10..10
187	>DBAASP_5026HFLGTLVNLAKKIK	AMP	1.0	MOTIF 2..5; MOTIF 6..9; MOTIF 10..11
188	>DBAASP_16717FLWQRNIRKVR	AMP	0.99999976	MOTIF 2..5; MOTIF 6..9; MOTIF 10..10
189	>DBAASP_19290GVFKDALKQFGAALLDQAANALKPK	AMP	0.99999976	MOTIF 3..5; MOTIF 7..9; MOTIF 11..13; MOTIF 15..17; MOTIF 19..21; MOTIF 23..23
190	>DBAASP_14664GGRRWQWRMKKLGAPSITLPET	AMP	0.9999956	MOTIF 2..5; MOTIF 6..9; MOTIF 11..13; MOTIF 15..17; MOTIF 19..19
191	>DBAASP_6336GNNRVYIPQPRPHPRL	AMP	0.9999981	MOTIF 2..13; MOTIF 15..15
192	>DBAASP_15621GFLKKVGKKLEGASDLTRDATIQTIAVAQAAANVAATAKQG	AMP	0.9928619	MOTIF 2..5; MOTIF 7..9; MOTIF 11..13; MOTIF 15..17; MOTIF 19..21; MOTIF 23..25; MOTIF 27..29; MOTIF 39..39
193	>DBAASP_5014KFLGTLVNLAKKIL	AMP	1.0	MOTIF 3..5; MOTIF 6..9; MOTIF 10..11
194	>DBAASP_17930GILDIKNKVSNLFKKIK	AMP	0.99999976	MOTIF 2..5; MOTIF 6..9; MOTIF 11..13; MOTIF 14..15
195	>DBAASP_16715FAWQRNIRKVR	AMP	0.9999987	MOTIF 2..5; MOTIF 6..7
196	>DBAASP_17398LRRLRLRLLRLLRRLLRLL	AMP	0.99996996	MOTIF 3..5; MOTIF 6..9; MOTIF 10..13; MOTIF 15..15
197	>DBAASP_16463FLPGILKVAANVVPGVI	AMP	1.0	MOTIF 2..5; MOTIF 6..9; MOTIF 10..13; MOTIF 14..15
198	>DBAASP_11808SLQPGAPNFPIPGQEKQEGWKFDPSLTRGEDGNTLGSINIHHTGPNHEVGANWDKVIRGPGKAKPTYSIHGSWRW	AMP	0.9313932	MOTIF 5..7; MOTIF 23..25; MOTIF 29..29
199	>DBAASP_20399RMIRRPPGFSPFRVAPASSLKR	AMP	0.999931	MOTIF 2..9; MOTIF 11..13; MOTIF 15..17; MOTIF 19..19
200	>DBAASP_8146KAKKFGKAFVKI	AMP	1.0	MOTIF 3..5; MOTIF 6..9; MOTIF 11..11
201	>DBAASP_6911LQKYYCRVRGGRCAVLSCLPKEEQIGKCSTRGRKCCRRKK	AMP	0.9988217	MOTIF 11..13; MOTIF 15..17; MOTIF 19..21; MOTIF 23..25; MOTIF 39..39
202	>DBAASP_5023HFLGTLVNKAKKIL	AMP	1.0	MOTIF 2..5; MOTIF 6..9; MOTIF 10..11
203	>DBAASP_19289GVFKDALKQFGAALLDKAANALKPK	AMP	0.99999976	MOTIF 3..5; MOTIF 7..9; MOTIF 11..13; MOTIF 15..17; MOTIF 19..21; MOTIF 23..23
204	>DBAASP_15887RKKKMKKALQY	AMP	0.9999994	MOTIF 2..5; MOTIF 6..9; MOTIF 10..10
205	>DBAASP_16670FWQRNIRKVRRRI	AMP	0.999998	MOTIF 2..5; MOTIF 6..9; MOTIF 10..11
206	>DBAASP_13425ITEVITILLNRLTDRLEK	AMP	0.99999726	MOTIF 3..5; MOTIF 7..9; MOTIF 10..13; MOTIF 14..15
207	>DBAASP_8809VDRGWGNGCGLFGKGG	AMP	0.9999999	MOTIF 2..5; MOTIF 6..9; MOTIF 10..13; MOTIF 14..15
208	>DBAASP_15882RYRRKKKMKKA	AMP	0.99999976	MOTIF 2..5; MOTIF 6..9; MOTIF 10..10
209	>DBAASP_3975FLGKVVKGASKVFPAVFGKV	AMP	1.0	MOTIF 3..5; MOTIF 7..9; MOTIF 10..13; MOTIF 15..17; MOTIF 19..19
210	>DBAASP_17334REVLGYERNSYK	AMP	0.9999994	MOTIF 2..5; MOTIF 6..9; MOTIF 10..11
211	>DBAASP_16677RWQRNIRKVRR	AMP	0.9999989	MOTIF 2..5; MOTIF 6..9; MOTIF 10..10
212	>DBAASP_2439SCIPKHEECTNDKHNCCRKGLFKLKCQCSTFDDESGQPTERCACGRPMGHQAIETGLNIFRGLFKGKKKNKKTK	AMP	0.96908385	MOTIF 3..5; MOTIF 63..65; MOTIF 67..67
213	>DBAASP_14269VRRFPWAAPFLRR	AMP	0.9999993	MOTIF 2..5; MOTIF 6..9; MOTIF 10..11
214	>DBAASP_11217GFLEKLKKGAKDFASALVNSIKGT	AMP	0.9999999	MOTIF 2..5; MOTIF 7..9; MOTIF 11..13; MOTIF 15..17; MOTIF 19..21; MOTIF 23..23
215	>DBAASP_7021SRWPSPGRPRPFPG	AMP	0.9999995	MOTIF 2..5; MOTIF 6..9; MOTIF 11..11
216	>DBAASP_15622GFLKKVGKKLEGASDLTRDATIQTIAVAQAAANVAATAKQ	AMP	0.9909106	MOTIF 2..5; MOTIF 7..9; MOTIF 11..13; MOTIF 15..17; MOTIF 19..21; MOTIF 23..25; MOTIF 27..29; MOTIF 39..39
217	>DBAASP_4258DVIKKVASVIG	AMP	0.9999999	MOTIF 2..5; MOTIF 6..9; MOTIF 10..10
218	>DBAASP_15881RYRRKKKMKKALQY	AMP	0.9999995	MOTIF 2..5; MOTIF 6..9; MOTIF 10..11
219	>DBAASP_16814KLLKLLKKLLKLLG	AMP	1.0	MOTIF 3..5; MOTIF 6..9; MOTIF 10..11
220	>DBAASP_4556QLKVDLWGTRSGIQPEQHSSGKSDVRRWRSRY	AMP	0.9979977	MOTIF 7..9; MOTIF 11..13; MOTIF 15..17; MOTIF 19..21; MOTIF 23..25; MOTIF 27..29; MOTIF 30..31
221	>DBAASP_10737GLFDIVKKVVGAIGSL	AMP	0.9999968	MOTIF 2..5; MOTIF 6..9; MOTIF 11..13; MOTIF 14..15
222	>DBAASP_15DSHAKRHHGYKRKFHEKHHSHRGY	AMP	0.999998	MOTIF 2..5; MOTIF 7..9; MOTIF 11..13; MOTIF 15..17; MOTIF 19..21; MOTIF 23..23
223	>DBAASP_7662SKVGRHGRRFGHRAHRKL	AMP	0.99999774	MOTIF 3..5; MOTIF 7..9; MOTIF 10..13; MOTIF 14..15
224	>DBAASP_10704FLGGLIKRVPAMICAVRKKC	AMP	0.9999989	MOTIF 3..5; MOTIF 7..9; MOTIF 10..13; MOTIF 15..17; MOTIF 19..19
225	>DBAASP_13698ATAYARTGRAATRESLSGVAEISGRLYRLAAR	AMP	0.97170985	MOTIF 11..13; MOTIF 15..17; MOTIF 19..21; MOTIF 23..23
226	>DBAASP_16667FWQRNIRKVRRR	AMP	0.99999845	MOTIF 2..5; MOTIF 6..9; MOTIF 10..11
227	>DBAASP_17565GFLDVVKGVGKAALGAVTHLINQGEQ	AMP	0.99999774	MOTIF 2..4; MOTIF 7..9; MOTIF 11..13; MOTIF 15..17; MOTIF 19..21; MOTIF 23..23
228	>DBAASP_19810GSKKPVPIIYTNRRTGKCQRM	AMP	0.99999976	MOTIF 2..5; MOTIF 7..9; MOTIF 11..13; MOTIF 15..17; MOTIF 19..19
229	>DBAASP_3969FLGSVFKSASKVFPAVFGKV	AMP	0.9999999	MOTIF 3..5; MOTIF 7..9; MOTIF 10..13; MOTIF 15..17; MOTIF 19..19
230	>DBAASP_14271VRRFPAAAPFLRR	AMP	0.9999994	MOTIF 2..5; MOTIF 6..9; MOTIF 10..11
231	>DBAASP_20388GLISGILGAGKK	AMP	0.99999976	MOTIF 2..5; MOTIF 6..9; MOTIF 10..11
232	>DBAASP_3962FLGVVFKKASKVFPKVFGKV	AMP	1.0	MOTIF 3..5; MOTIF 7..9; MOTIF 10..13; MOTIF 14..17; MOTIF 19..19
233	>DBAASP_20361ATAAECLKHPWLKIKK	AMP	0.9999999	MOTIF 3..5; MOTIF 11..13; MOTIF 15..15
234	>DBAASP_12189QREPQVQWLEQQVAKRRTKR	AMP	0.9999995	MOTIF 3..5; MOTIF 6..9; MOTIF 10..13; MOTIF 15..17; MOTIF 19..19
235	>DBAASP_10116KIAGKIAKKAGKIAK	AMP	1.0	MOTIF 3..5; MOTIF 6..9; MOTIF 11..13; MOTIF 14..14
236	>DBAASP_6916LQKYYARVRGGRAAVLSALPKEEQIGKASTRGRKAARRKK	AMP	0.82569987	MOTIF 2..4; MOTIF 11..13; MOTIF 15..17; MOTIF 19..21; MOTIF 23..25; MOTIF 26..29; MOTIF 31..33; MOTIF 39..39
237	>DBAASP_8140IGKFLKKAKKFG	AMP	1.0	MOTIF 2..5; MOTIF 6..9; MOTIF 11..11
238	>DBAASP_20362IIRATAAECLKHPWLKIKK	AMP	0.9999999	MOTIF 3..5; MOTIF 7..9; MOTIF 11..13; MOTIF 15..15
239	>DBAASP_16679RFWQRNIRKYR	AMP	0.9999981	MOTIF 2..5; MOTIF 6..9; MOTIF 10..10
240	>DBAASP_18166FLQGIWDTVGKWL	AMP	0.9999994	MOTIF 2..5; MOTIF 6..9; MOTIF 10..11
241	>DBAASP_17760RIKTVTSFDLPALRWLKL	AMP	0.999998	MOTIF 2..5; MOTIF 6..9; MOTIF 11..13; MOTIF 14..15
242	>DBAASP_15880RYRRKKKMKKALQYIKL	AMP	0.9999994	MOTIF 2..5; MOTIF 6..9; MOTIF 10..13; MOTIF 15..15
243	>DBAASP_18788GWWRRTVDKVRNAGRKV	AMP	0.99999964	MOTIF 2..5; MOTIF 7..9; MOTIF 11..13; MOTIF 15..15
244	>DBAASP_20955IGKLFKRIVERIKRFLRVLLRILR	AMP	0.999998	MOTIF 3..5; MOTIF 6..9; MOTIF 11..13; MOTIF 15..17; MOTIF 19..21; MOTIF 23..23
245	>DBAASP_19849FLPIVAKELSGLL	AMP	1.0	MOTIF 2..5; MOTIF 6..9; MOTIF 10..11
246	>DBAASP_16674FWQRKIRKVKK	AMP	0.99999976	MOTIF 2..5; MOTIF 6..9; MOTIF 10..10
247	>DBAASP_5252PRPLPFPRPGPRPIPRPLPFPRPGPRPI	AMP	0.9999993	MOTIF 3..5; MOTIF 6..9; MOTIF 10..13; MOTIF 15..17; MOTIF 19..21; MOTIF 23..25; MOTIF 27..27
248	>DBAASP_4729FWGALAKGALKLIGVSLFSSFSKKD	AMP	0.99999666	MOTIF 3..5; MOTIF 7..9; MOTIF 11..13; MOTIF 15..17; MOTIF 19..21; MOTIF 23..23
249	>DBAASP_10117KIAGKIAKKAGKIAKIA	AMP	1.0	MOTIF 3..5; MOTIF 6..9; MOTIF 11..13; MOTIF 14..15
250	>DBAASP_7636TPFKISIHLGGY	AMP	0.9999994	MOTIF 2..5; MOTIF 6..9; MOTIF 10..11
251	>DBAASP_12190RHSRLQREPQVQWLEQQVAKRRTKR	AMP	0.9999888	MOTIF 2..5; MOTIF 6..9; MOTIF 11..13; MOTIF 15..17; MOTIF 19..21; MOTIF 23..23
252	>DBAASP_4260GLFDVIKASVIGGL	AMP	0.9999994	MOTIF 2..5; MOTIF 6..9; MOTIF 10..11
253	>DBAASP_12186GIMDTVKNAAKNLAGQLLDKLKCSITAC	AMP	0.9999882	MOTIF 7..9; MOTIF 11..13; MOTIF 15..17; MOTIF 19..21; MOTIF 23..25; MOTIF 27..27
254	>DBAASP_20163SLWENFKNAGK	AMP	0.9999999	MOTIF 2..5; MOTIF 6..7
255	>DBAASP_9048CWTKSIPPKPC	AMP	0.9999999	MOTIF 3..5; MOTIF 7..7
256	>DBAASP_16390GLLDFFKGAGKELLTHLASQI	AMP	0.99998367	MOTIF 2..5; MOTIF 7..9; MOTIF 11..13; MOTIF 14..17; MOTIF 19..19
257	>DBAASP_21306TVAAQLLKKARCKLDKSC	AMP	0.9999999	MOTIF 3..5; MOTIF 6..9; MOTIF 11..13; MOTIF 15..15
258	>DBAASP_20323ATAWKVPPGLQPIRPIRIRPLCGNDKS	AMP	0.9999932	MOTIF 3..5; MOTIF 7..9; MOTIF 11..13; MOTIF 15..17; MOTIF 19..21; MOTIF 23..23
259	>DBAASP_8386KWKSFAKTFKSAKKTVAHTALKAISS	AMP	0.9999862	MOTIF 3..5; MOTIF 7..9; MOTIF 11..13; MOTIF 15..17; MOTIF 19..21; MOTIF 23..23
260	>DBAASP_20946KRIVQRIKDFLRRGKAK	AMP	1.0	MOTIF 3..5; MOTIF 6..9; MOTIF 10..13; MOTIF 14..15
261	>DBAASP_4262GLFAVIKKVASVIGG	AMP	0.99999964	MOTIF 2..5; MOTIF 6..9; MOTIF 10..13; MOTIF 14..14
262	>DBAASP_6912LQKYYCRVRGGRCAVLSCLPKEEQIGKCSTRGRKCCRRKK	AMP	0.9988217	MOTIF 11..13; MOTIF 15..17; MOTIF 19..21; MOTIF 23..25; MOTIF 39..39
263	>DBAASP_19870GVIIDTLKGAAKTVAAELL	AMP	0.9999994	MOTIF 2..5; MOTIF 6..9; MOTIF 11..13; MOTIF 15..17; MOTIF 18..18
264	>DBAASP_264KWKSFAKTFKSAKKTVLHTALKAISS	AMP	0.9999577	MOTIF 3..5; MOTIF 7..9; MOTIF 11..13; MOTIF 15..17; MOTIF 19..21; MOTIF 23..23
265	>DBAASP_4359GVVDILKGAAKDIAGHLASKVM	AMP	0.99999547	MOTIF 2..5; MOTIF 6..9; MOTIF 10..13; MOTIF 15..17; MOTIF 19..19
266	>DBAASP_5020HFLGTKVNLAKKIL	AMP	0.9999999	MOTIF 2..5; MOTIF 6..9; MOTIF 10..11
267	>DBAASP_11216GFLEKLKTGAKDFASAFVNSIKGT	AMP	0.99999976	MOTIF 2..5; MOTIF 7..9; MOTIF 11..13; MOTIF 15..17; MOTIF 19..21; MOTIF 23..23
268	>DBAASP_8810VARGWGNGCGLFGKGG	AMP	0.9999999	MOTIF 2..5; MOTIF 7..9; MOTIF 10..13; MOTIF 14..15
269	>DBAASP_16800GLFDIVKKLLKLLK	AMP	0.99999976	MOTIF 2..5; MOTIF 6..9; MOTIF 10..11
270	>DBAASP_1687ATCYCRTGRCATRESLSGVCEISGRLYRLCCR	AMP	0.99998224	MOTIF 19..21; MOTIF 23..23
271	>DBAASP_3983FLGKVFKKASKVVPAVFGKV	AMP	0.9999999	MOTIF 3..5; MOTIF 7..9; MOTIF 10..13; MOTIF 15..17; MOTIF 19..19
272	>DBAASP_3818GWASKIGQTLGKMAKVGLQEIIQPK	AMP	0.99999595	MOTIF 2..5; MOTIF 7..9; MOTIF 11..13; MOTIF 15..17; MOTIF 19..21; MOTIF 23..23
273	>DBAASP_20569RRRRRWWWWWW	AMP	0.99999917	MOTIF 2..5; MOTIF 6..9; MOTIF 10..10
274	>DBAASP_16806KLFDIVKKVVGALG	AMP	0.9999987	MOTIF 2..5; MOTIF 6..9; MOTIF 10..11
275	>DBAASP_14313SLWSSIKDMAAAAGRAALNAVNGIVNP	AMP	0.9999521	MOTIF 3..5; MOTIF 7..9; MOTIF 11..13; MOTIF 15..17; MOTIF 19..21; MOTIF 23..23
276	>DBAASP_11541EEEEEEEEEEKKRLKKIFKKPMVIGVTIPF	AMP	0.99988246	MOTIF 2..5; MOTIF 7..9; MOTIF 11..13; MOTIF 15..17; MOTIF 19..21; MOTIF 23..25; MOTIF 27..27
277	>DBAASP_10643PPIVGSIPLGCG	AMP	0.9999989	MOTIF 2..5; MOTIF 6..9; MOTIF 10..11
278	>DBAASP_16666FWQRNIRKVKK	AMP	0.9999995	MOTIF 2..5; MOTIF 6..9; MOTIF 10..10
279	>DBAASP_19846FLPIEAKLLSGLL	AMP	0.9999999	MOTIF 2..5; MOTIF 6..9; MOTIF 10..11
280	>DBAASP_18159INLKAIAALGKKLL	AMP	1.0	MOTIF 2..9; MOTIF 10..11
281	>DBAASP_19848FLPIVAELLSGLL	AMP	0.9999999	MOTIF 2..5; MOTIF 6..9; MOTIF 10..11
282	>DBAASP_5250RRIRPRPPRLPRP	AMP	1.0	MOTIF 2..5; MOTIF 6..9; MOTIF 10..11
283	>DBAASP_17326KVMREVLGYERNSYKKFFLR	AMP	0.9999994	MOTIF 3..5; MOTIF 6..13; MOTIF 15..17; MOTIF 19..19
284	>DBAASP_18064LPRIPRLPRYPRYPRWPRHPD	AMP	0.99999475	MOTIF 3..5; MOTIF 7..9; MOTIF 11..13; MOTIF 15..17; MOTIF 19..19
285	>DBAASP_10837IIGPVLGLVGKALGGLL	AMP	0.9999999	MOTIF 2..5; MOTIF 6..9; MOTIF 10..13; MOTIF 15..15
286	>DBAASP_16039GGLRSLGLKILLAWKKYG	AMP	0.9999999	MOTIF 2..5; MOTIF 6..9; MOTIF 10..13; MOTIF 14..15
287	>DBAASP_19843FEPIVAKLLSGLL	AMP	0.9999999	MOTIF 2..5; MOTIF 6..9; MOTIF 10..11
288	>DBAASP_21304GVIFNALKGVAK	AMP	1.0	MOTIF 2..5; MOTIF 6..9; MOTIF 10..11
289	>DBAASP_1042FQWQRNIRKVR	AMP	0.99999774	MOTIF 2..5; MOTIF 6..9; MOTIF 10..10
290	>DBAASP_17511LWKIGKKIWRVG	AMP	0.99999976	MOTIF 2..5; MOTIF 7..9; MOTIF 11..11
291	>DBAASP_6440LDDLKGTFAALSELHCDKLHVDPENFKLLGNVLVVVLARNFGKEFTPVL	non-AMP	0.06276006	MOTIF 3..5; MOTIF 7..9; MOTIF 11..13; MOTIF 15..17; MOTIF 19..25; MOTIF 26..29; MOTIF 31..33; MOTIF 34..37; MOTIF 38..41; MOTIF 42..45; MOTIF 47..47
292	>DBAASP_20015LGLFKLLLRLILKGFKL	AMP	0.99999964	MOTIF 3..5; MOTIF 6..9; MOTIF 11..13; MOTIF 15..15
293	>DBAASP_6935GLNALKKVFQGFHEAIKLINNHVQ	AMP	0.9999981	MOTIF 2..5; MOTIF 7..13; MOTIF 15..17; MOTIF 19..21; MOTIF 23..23
294	>DBAASP_7766RFRRLRKKKRKRLKKI	AMP	0.99999964	MOTIF 2..5; MOTIF 6..9; MOTIF 10..13; MOTIF 14..15
295	>DBAASP_16675RFWQRNIRKVRR	AMP	0.9999974	MOTIF 2..5; MOTIF 6..9; MOTIF 11..11
296	>DBAASP_14270VRRFPAWAPFLRR	AMP	0.9999995	MOTIF 2..5; MOTIF 6..9; MOTIF 10..11
297	>DBAASP_6335GNNRPVYIPQPRPHPRL	AMP	0.99999774	MOTIF 2..13; MOTIF 15..15
298	>DBAASP_17001LKKLLKLPKKLLKL	AMP	0.9999999	MOTIF 2..5; MOTIF 7..9; MOTIF 11..11
299	>DBAASP_6922AVLSWLPKEEQIGKWSTRGRKWWRRKK	AMP	0.99996006	MOTIF 3..5; MOTIF 7..9; MOTIF 11..13; MOTIF 15..17; MOTIF 19..21; MOTIF 23..23
300	>DBAASP_4357GVVDILKGAAKDLAGHLATKVMNKL	AMP	0.99999416	MOTIF 2..5; MOTIF 6..9; MOTIF 11..13; MOTIF 15..17; MOTIF 19..21; MOTIF 23..23
301	>DBAASP_20162SLWENFKNAGKK	AMP	0.9999999	MOTIF 2..5; MOTIF 6..9; MOTIF 11..11
302	>DBAASP_12191SPHRPRHSRLQREPQVQWLEQQVAKRRTKR	AMP	0.9998128	MOTIF 3..5; MOTIF 6..9; MOTIF 10..13; MOTIF 15..17; MOTIF 19..21; MOTIF 23..25; MOTIF 27..27
303	>DBAASP_7104ILGTILGPLKGL	AMP	0.9999999	MOTIF 2..5; MOTIF 6..9; MOTIF 10..11
304	>DBAASP_4471KVALGVAQNYLNPQQ	AMP	0.9999999	MOTIF 3..5; MOTIF 6..9; MOTIF 10..11
305	>DBAASP_3972FLGVVFKLAVKVFPAVFGKV	AMP	1.0	MOTIF 3..5; MOTIF 7..9; MOTIF 10..13; MOTIF 14..17; MOTIF 19..19
306	>DBAASP_11880FLGAVLKVAGKLVPAAI	AMP	1.0	MOTIF 3..5; MOTIF 7..9; MOTIF 10..13; MOTIF 15..15
307	>DBAASP_20372GIFSLIKGAAK	AMP	0.9999999	MOTIF 2..5; MOTIF 6..9; MOTIF 10..10
308	>DBAASP_5371GLVGTLLGHIGKAILG	AMP	0.9999999	MOTIF 2..5; MOTIF 6..9; MOTIF 10..13; MOTIF 14..15
309	>DBAASP_21307TVAAQLLKKAR	AMP	0.99999976	MOTIF 2..5; MOTIF 6..9; MOTIF 10..10
310	>DBAASP_14663GGRRWQWRMKKLGAPSITLPETGG	AMP	0.99999285	MOTIF 2..5; MOTIF 6..9; MOTIF 11..13; MOTIF 15..17; MOTIF 19..21; MOTIF 23..23
311	>DBAASP_15150LVTLVFVGGGWKWKWENGKWKWQW	AMP	0.9999908	MOTIF 3..5; MOTIF 6..9; MOTIF 11..13; MOTIF 15..17; MOTIF 19..21; MOTIF 23..23
312	>DBAASP_16808KLLKIVKKVVGALG	AMP	0.9999999	MOTIF 3..5; MOTIF 6..9; MOTIF 10..11
313	>DBAASP_6422TKAVEHLDDLPGALSELSDLHAHKLRVDPVNFKLLSHSLL	non-AMP	0.037539195	MOTIF 7..9; MOTIF 10..13; MOTIF 15..17; MOTIF 19..25; MOTIF 27..29; MOTIF 31..33; MOTIF 34..37; MOTIF 39..39
314	>DBAASP_18495LPRRNRWSKTWKKVTTVFS	AMP	0.9999993	MOTIF 3..5; MOTIF 7..9; MOTIF 10..13; MOTIF 15..17
315	>DBAASP_316KKIGAIKKWGAIKKIGAI	AMP	0.9999999	MOTIF 3..5; MOTIF 7..9; MOTIF 10..13; MOTIF 14..15
316	>DBAASP_16464FLPGILKVAAK	AMP	1.0	MOTIF 2..5; MOTIF 6..9; MOTIF 10..10
317	>DBAASP_476KKAAASAAAAASAAWAASAAAKKKK	AMP	0.9999995	MOTIF 3..5; MOTIF 7..9; MOTIF 11..13; MOTIF 15..17; MOTIF 19..21; MOTIF 23..23
318	>DBAASP_14653TKCFQWQWRMKKLGAPSITCVRRAF	AMP	0.9999857	MOTIF 3..5; MOTIF 7..9; MOTIF 11..13; MOTIF 15..17; MOTIF 19..21; MOTIF 23..23
319	>DBAASP_12580PIRRPPIRPPFYPPFRPPIRP	AMP	0.9999995	MOTIF 3..5; MOTIF 7..9; MOTIF 10..13; MOTIF 15..17; MOTIF 19..19
320	>DBAASP_18061LPRIPRLPRYPRYPR	AMP	0.999998	MOTIF 2..5; MOTIF 6..9; MOTIF 10..13; MOTIF 14..14
321	>DBAASP_20383GFMDTAKNVAKNVAVTLLDNLKCKITKAC	AMP	0.99999416	MOTIF 7..13; MOTIF 15..17; MOTIF 19..21; MOTIF 23..25; MOTIF 27..27
322	>DBAASP_8144LKKAKKFGKAFV	AMP	0.9999999	MOTIF 2..5; MOTIF 6..9; MOTIF 11..11
323	>DBAASP_8813GRKKRRQRRRPPQ	AMP	0.9999993	MOTIF 2..5; MOTIF 6..9; MOTIF 11..11
324	>DBAASP_15006NNEENELRRRVSFNRAVIHSLLG	AMP	0.999918	MOTIF 1..9; MOTIF 11..13; MOTIF 15..17; MOTIF 19..19
325	>DBAASP_4580QHSSGKSDVRRW	AMP	0.9999933	MOTIF 2..5; MOTIF 6..9; MOTIF 10..11
326	>DBAASP_16671FWQRNIRKVKKKK	AMP	0.99999964	MOTIF 2..5; MOTIF 6..9; MOTIF 10..11
327	>DBAASP_9244GRKKRRQRRRPPQ	AMP	0.9999993	MOTIF 2..5; MOTIF 6..9; MOTIF 11..11
328	>DBAASP_14648IDWKKLPDAAKQIL	AMP	0.99999976	MOTIF 2..5; MOTIF 6..9; MOTIF 11..11
329	>DBAASP_8295GVFDIIKGAGKQLIARAMGKIAEKVGLNKDGN	AMP	0.9981382	MOTIF 0..5; MOTIF 6..9; MOTIF 10..13; MOTIF 15..17; MOTIF 18..21; MOTIF 22..29; MOTIF 30..31
330	>DBAASP_3977FLGKVFKGAVKVFPAVFGKV	AMP	1.0	MOTIF 3..5; MOTIF 7..9; MOTIF 10..13; MOTIF 15..17; MOTIF 19..19
331	>DBAASP_16672FWQRNIRKVKKKI	AMP	0.99999964	MOTIF 2..5; MOTIF 6..9; MOTIF 10..11
332	>DBAASP_19518AKVVNKLTGGVAGLLK	AMP	0.99999964	MOTIF 3..5; MOTIF 7..9; MOTIF 10..13; MOTIF 14..15
333	>DBAASP_8142KFLKKAKKFGKA	AMP	1.0	MOTIF 2..5; MOTIF 6..9; MOTIF 10..11
334	>DBAASP_21054FIHHIIGALGHLF	AMP	0.9999994	MOTIF 2..5; MOTIF 6..9; MOTIF 10..11
335	>DBAASP_19853FLPIVAKLLSGEL	AMP	1.0	MOTIF 2..5; MOTIF 6..9; MOTIF 10..11
336	>DBAASP_12511GQLNKFIKKAQRKFHEKFAK	AMP	0.99999976	MOTIF 2..5; MOTIF 7..9; MOTIF 11..17; MOTIF 19..19
337	>DBAASP_17332GLHKVMREVLGYERNSYK	AMP	0.99999845	MOTIF 2..5; MOTIF 7..9; MOTIF 10..13; MOTIF 15..15
338	>DBAASP_2506GFMKYIGPLIPHKVKAISDLI	AMP	0.99999833	MOTIF 2..5; MOTIF 7..13; MOTIF 15..17; MOTIF 19..19
339	>DBAASP_21161TGKASQFFGLM	AMP	0.9999994	MOTIF 2..5; MOTIF 6..9; MOTIF 10..10
340	>DBAASP_9724FPLTWPTKWWKG	AMP	0.99999976	MOTIF 2..5; MOTIF 6..9; MOTIF 10..11
341	>DBAASP_1238ENFFKEIERAGQRIRDAIISAAPAVETLAQAQKIIKGGD	AMP	0.9750934	MOTIF 3..7; MOTIF 11..13; MOTIF 15..17; MOTIF 19..21; MOTIF 23..25; MOTIF 27..29; MOTIF 31..33; MOTIF 34..34
