Unnamed: 0	Sequence	Prediction	Probability	Motif
0	>DBAASP_3954FLGVVFKLASKVFPAVFKKV	AMP	0.9999999	MOTIF 3..5; MOTIF 7..9; MOTIF 10..13; MOTIF 14..17; MOTIF 19..19
1	>DBAASP_3967FLGVVFKSASKVFPAVFGKV	AMP	0.9999999	MOTIF 3..5; MOTIF 7..9; MOTIF 10..13; MOTIF 14..17; MOTIF 19..19
2	>DBAASP_13552RRIKPRPPRLPRPRPK	AMP	1.0	MOTIF 2..5; MOTIF 6..9; MOTIF 11..13; MOTIF 15..15
3	>DBAASP_8510RRIRPRPPRLPRPC	AMP	1.0	MOTIF 2..5; MOTIF 6..9; MOTIF 10..11
4	>DBAASP_2012KWKSFLKTFKSAVKTVLHTALKAISS	AMP	0.99995804	MOTIF 3..5; MOTIF 7..9; MOTIF 11..13; MOTIF 15..17; MOTIF 19..21; MOTIF 23..23
5	>DBAASP_9703KWKSFLKTFKSAEKTVLHTALKAISS	AMP	0.9999374	MOTIF 3..5; MOTIF 7..9; MOTIF 11..13; MOTIF 15..17; MOTIF 19..21; MOTIF 23..23
6	>DBAASP_14994IAKIAGKIAKIAGKIAKIAGKIA	AMP	0.9999993	MOTIF 7..9; MOTIF 11..13; MOTIF 15..17; MOTIF 19..19
7	>DBAASP_10129KIAGKIAKIAGKIA	AMP	0.9999999	MOTIF 3..5; MOTIF 6..9; MOTIF 11..11
8	>DBAASP_16996LKKLLKLLKPLLKL	AMP	0.9999999	MOTIF 2..5; MOTIF 7..9; MOTIF 11..11
9	>DBAASP_17001LKKLLKLPKKLLKL	AMP	0.9999999	MOTIF 2..5; MOTIF 7..9; MOTIF 11..11
10	>DBAASP_707GRFRRLRKKTRKRLKKIGKVLKWIPPIVGSIPLGCG	AMP	0.9998745	MOTIF 2..4; MOTIF 11..13; MOTIF 14..17; MOTIF 19..21; MOTIF 23..25; MOTIF 27..29; MOTIF 31..31
11	>DBAASP_7766RFRRLRKKKRKRLKKI	AMP	0.99999964	MOTIF 2..5; MOTIF 6..9; MOTIF 10..13; MOTIF 14..15
12	>DBAASP_10907FLYIVAKLLSGLL	AMP	0.9999999	MOTIF 2..5; MOTIF 6..9; MOTIF 10..11
13	>DBAASP_19846FLPIEAKLLSGLL	AMP	0.9999999	MOTIF 2..5; MOTIF 6..9; MOTIF 10..11
14	>DBAASP_18754GSKKPVPIIYCNRRTGKCQRF	AMP	0.9999999	MOTIF 2..5; MOTIF 7..9; MOTIF 11..13; MOTIF 15..17; MOTIF 19..19
15	>DBAASP_19810GSKKPVPIIYTNRRTGKCQRM	AMP	0.99999976	MOTIF 2..5; MOTIF 7..9; MOTIF 11..13; MOTIF 15..17; MOTIF 19..19
16	>DBAASP_11893LNALKKVFQGIHEAIKKI	AMP	0.9999987	MOTIF 3..9; MOTIF 11..13; MOTIF 15..15
17	>DBAASP_6935GLNALKKVFQGFHEAIKLINNHVQ	AMP	0.9999981	MOTIF 2..5; MOTIF 7..13; MOTIF 15..17; MOTIF 19..21; MOTIF 23..23
18	>DBAASP_4263GLFAVIKKVASVIG	AMP	0.99999964	MOTIF 2..5; MOTIF 6..9; MOTIF 10..11
19	>DBAASP_4262GLFAVIKKVASVIGG	AMP	0.99999964	MOTIF 2..5; MOTIF 6..9; MOTIF 10..13; MOTIF 14..14
20	>DBAASP_6082GIINTLQKYYARVRGGRYAVLSVLPKEEQIGKVSTRGRKKVRRKK	AMP	0.98711514	MOTIF 2..5; MOTIF 6..9; MOTIF 10..17; MOTIF 19..21; MOTIF 22..25; MOTIF 27..29; MOTIF 31..33; MOTIF 35..37; MOTIF 38..40; MOTIF 43..44
21	>DBAASP_6922AVLSWLPKEEQIGKWSTRGRKWWRRKK	AMP	0.99996006	MOTIF 3..5; MOTIF 7..9; MOTIF 11..13; MOTIF 15..17; MOTIF 19..21; MOTIF 23..23
22	>DBAASP_3107FLGGLFKLVPSVICAVTKKC	AMP	1.0	MOTIF 3..5; MOTIF 7..9; MOTIF 10..13; MOTIF 14..17; MOTIF 19..19
23	>DBAASP_10702FLGGLIKPVPAMICAVRKKC	AMP	0.99999917	MOTIF 3..5; MOTIF 7..9; MOTIF 10..13; MOTIF 14..17; MOTIF 19..19
24	>DBAASP_14261VRRFPWWYPFLRR	AMP	0.9999974	MOTIF 2..5; MOTIF 6..9; MOTIF 10..11
25	>DBAASP_14268VRRFPAAWPFLRR	AMP	0.9999995	MOTIF 2..5; MOTIF 6..9; MOTIF 10..11
26	>DBAASP_10713YSWPRMPRIPRLPRYPRYPRYPRWPRHPTIYA	AMP	0.9986695	MOTIF 7..9; MOTIF 11..13; MOTIF 15..17; MOTIF 19..21; MOTIF 23..25; MOTIF 27..29; MOTIF 31..31
27	>DBAASP_18062RLPRYPRYPRWPRHPT	AMP	0.9999975	MOTIF 2..5; MOTIF 7..9; MOTIF 11..13; MOTIF 15..15
28	>DBAASP_16796GLLKLLKKLLKLLK	AMP	1.0	MOTIF 2..5; MOTIF 6..9; MOTIF 10..11
29	>DBAASP_16814KLLKLLKKLLKLLG	AMP	1.0	MOTIF 3..5; MOTIF 6..9; MOTIF 10..11
30	>DBAASP_464KKAAALAAAAALAAWAALAAAKKKK	AMP	0.99999964	MOTIF 3..5; MOTIF 7..9; MOTIF 11..13; MOTIF 15..17; MOTIF 19..21; MOTIF 23..23
31	>DBAASP_476KKAAASAAAAASAAWAASAAAKKKK	AMP	0.9999995	MOTIF 3..5; MOTIF 7..9; MOTIF 11..13; MOTIF 15..17; MOTIF 19..21; MOTIF 23..23
32	>DBAASP_17519LWKIGKKIWRVLWNWR	AMP	0.99999964	MOTIF 2..5; MOTIF 7..9; MOTIF 11..13; MOTIF 15..15
33	>DBAASP_17511LWKIGKKIWRVG	AMP	0.99999976	MOTIF 2..5; MOTIF 7..9; MOTIF 11..11
34	>DBAASP_1640INLKAIAALAKKLL	AMP	0.9999999	MOTIF 2..9; MOTIF 10..11
35	>DBAASP_18158INLKAVAALAKKLL	AMP	1.0	MOTIF 2..9; MOTIF 10..11
36	>DBAASP_10156FKCWRWQWRWKKLGAPS	AMP	0.9999999	MOTIF 3..5; MOTIF 7..9; MOTIF 11..13; MOTIF 15..15
37	>DBAASP_14653TKCFQWQWRMKKLGAPSITCVRRAF	AMP	0.9999857	MOTIF 3..5; MOTIF 7..9; MOTIF 11..13; MOTIF 15..17; MOTIF 19..21; MOTIF 23..23
38	>DBAASP_5018HFLGKLVNLAKKIL	AMP	1.0	MOTIF 2..5; MOTIF 6..9; MOTIF 10..11
39	>DBAASP_5020HFLGTKVNLAKKIL	AMP	0.9999999	MOTIF 2..5; MOTIF 6..9; MOTIF 10..11
40	>DBAASP_7652DAHRAGLQFPVGRVHRLLRK	AMP	0.9999864	MOTIF 7..9; MOTIF 11..13; MOTIF 15..17; MOTIF 19..19
41	>DBAASP_7648KAGLAFPVGRVHRLLRK	AMP	0.9999989	MOTIF 3..5; MOTIF 7..9; MOTIF 10..13; MOTIF 15..15
42	>DBAASP_21057FIKHIIGALGHLF	AMP	0.99999964	MOTIF 2..5; MOTIF 6..9; MOTIF 11..11
43	>DBAASP_21054FIHHIIGALGHLF	AMP	0.9999994	MOTIF 2..5; MOTIF 6..9; MOTIF 10..11
44	>DBAASP_12222GLLSGILGAGKKIVF	AMP	0.9999999	MOTIF 2..5; MOTIF 6..9; MOTIF 10..11
45	>DBAASP_20442GILSGLLGAGKKIVCGLSGMC	AMP	0.99999917	MOTIF 2..5; MOTIF 7..9; MOTIF 11..13; MOTIF 15..17; MOTIF 19..19
46	>DBAASP_13542GNNKPVYIPQPRPPRPRL	AMP	0.99999976	MOTIF 2..13; MOTIF 15..15
47	>DBAASP_6335GNNRPVYIPQPRPHPRL	AMP	0.99999774	MOTIF 2..13; MOTIF 15..15
48	>DBAASP_8289GVFDIIKDAGKQLVAHATGKIAEKV	AMP	0.99998903	MOTIF 2..5; MOTIF 6..9; MOTIF 11..13; MOTIF 14..17; MOTIF 19..21; MOTIF 23..23
49	>DBAASP_8288GVFDIIKDAGKQLVAHAMGKIAEKV	AMP	0.99997854	MOTIF 2..5; MOTIF 6..9; MOTIF 11..13; MOTIF 14..17; MOTIF 19..21; MOTIF 23..23
50	>DBAASP_2975GLFDIVKKVVGALGSL	AMP	0.9999956	MOTIF 2..5; MOTIF 6..9; MOTIF 11..13; MOTIF 14..15
51	>DBAASP_16806KLFDIVKKVVGALG	AMP	0.9999987	MOTIF 2..5; MOTIF 6..9; MOTIF 10..11
52	>DBAASP_19284GLLGKILGAGKKVLCGVSGLC	AMP	0.9999999	MOTIF 2..5; MOTIF 7..9; MOTIF 11..13; MOTIF 15..17; MOTIF 19..19
53	>DBAASP_20441GLLSGILGAGKK	AMP	0.9999999	MOTIF 2..5; MOTIF 6..9; MOTIF 10..11
54	>DBAASP_19462FIGRIARLLSKIF	AMP	0.99999976	MOTIF 2..5; MOTIF 6..9; MOTIF 10..11
55	>DBAASP_20138FIGAIARLLSK	AMP	0.9999999	MOTIF 2..5; MOTIF 6..9; MOTIF 10..10
56	>DBAASP_17028ILGTILGLLKFL	AMP	1.0	MOTIF 2..5; MOTIF 6..9; MOTIF 10..11
57	>DBAASP_7104ILGTILGPLKGL	AMP	0.9999999	MOTIF 2..5; MOTIF 6..9; MOTIF 10..11
58	>DBAASP_2335HFLGTLVNLAKKIL	AMP	1.0	MOTIF 2..5; MOTIF 6..9; MOTIF 10..11
59	>DBAASP_5025HFLGTLVNLAKKKL	AMP	1.0	MOTIF 2..5; MOTIF 6..9; MOTIF 10..11
60	>DBAASP_13635KWLKKWLKKWLK	AMP	1.0	MOTIF 3..5; MOTIF 6..9; MOTIF 10..11
61	>DBAASP_21161TGKASQFFGLM	AMP	0.9999994	MOTIF 2..5; MOTIF 6..9; MOTIF 10..10
62	>DBAASP_19517ASVVNKLTKGVAKLLK	AMP	0.9999994	MOTIF 3..5; MOTIF 7..9; MOTIF 10..13; MOTIF 14..15
63	>DBAASP_19518AKVVNKLTGGVAGLLK	AMP	0.99999964	MOTIF 3..5; MOTIF 7..9; MOTIF 10..13; MOTIF 14..15
64	>DBAASP_6701FVDLKKIANIINSIF	AMP	0.9999989	MOTIF 2..5; MOTIF 6..9; MOTIF 10..13; MOTIF 14..14
65	>DBAASP_19590FVDLKKIANII	AMP	0.99999976	MOTIF 2..5; MOTIF 6..9; MOTIF 10..10
66	>DBAASP_17328GLAKVMRKVLGYLRNVYK	AMP	0.99999845	MOTIF 2..5; MOTIF 7..9; MOTIF 11..13; MOTIF 15..15
67	>DBAASP_17330GLHKVMREVLGY	AMP	0.9999989	MOTIF 2..5; MOTIF 7..9; MOTIF 10..11
68	>DBAASP_18526GLMDTVKNAAKNLAGQLLDKIKCKITG	AMP	0.99999523	MOTIF 2..4; MOTIF 6..8; MOTIF 11..13; MOTIF 15..17; MOTIF 19..21; MOTIF 23..23
69	>DBAASP_12186GIMDTVKNAAKNLAGQLLDKLKCSITAC	AMP	0.9999882	MOTIF 7..9; MOTIF 11..13; MOTIF 15..17; MOTIF 19..21; MOTIF 23..25; MOTIF 27..27
70	>DBAASP_15904KRFWPLVPVAINTVALYKAIRRK	AMP	0.9999987	MOTIF 3..5; MOTIF 6..9; MOTIF 11..13; MOTIF 15..17; MOTIF 19..19
71	>DBAASP_15902KRFWPLVPVAINTVAAGIN	AMP	0.9999999	MOTIF 3..5; MOTIF 6..9; MOTIF 11..13; MOTIF 15..15
72	>DBAASP_17415AIVQRIKKWLR	AMP	0.99999964	MOTIF 2..5; MOTIF 6..9; MOTIF 10..10
73	>DBAASP_20947KRIVQRIKDFLRKCCKKP	AMP	1.0	MOTIF 3..5; MOTIF 6..9; MOTIF 10..13; MOTIF 14..15
74	>DBAASP_7665SKVLRHLRRFLHRAHRKL	AMP	0.99999046	MOTIF 3..5; MOTIF 7..9; MOTIF 10..13; MOTIF 15..15
75	>DBAASP_7662SKVGRHGRRFGHRAHRKL	AMP	0.99999774	MOTIF 3..5; MOTIF 7..9; MOTIF 10..13; MOTIF 14..15
76	>DBAASP_16038GGLRRLGRKILRAVKKYG	AMP	0.9999994	MOTIF 2..5; MOTIF 6..9; MOTIF 11..13; MOTIF 15..15
77	>DBAASP_16039GGLRSLGLKILLAWKKYG	AMP	0.9999999	MOTIF 2..5; MOTIF 6..9; MOTIF 10..13; MOTIF 14..15
78	>DBAASP_10398ENFFKRIRRAGKRIRDAIISAAPAVETLAQAQKIIKGGD	AMP	0.9804986	MOTIF 3..7; MOTIF 11..13; MOTIF 15..17; MOTIF 19..21; MOTIF 23..25; MOTIF 27..29; MOTIF 31..33; MOTIF 34..34
79	>DBAASP_1238ENFFKEIERAGQRIRDAIISAAPAVETLAQAQKIIKGGD	AMP	0.9750934	MOTIF 3..7; MOTIF 11..13; MOTIF 15..17; MOTIF 19..21; MOTIF 23..25; MOTIF 27..29; MOTIF 31..33; MOTIF 34..34
80	>DBAASP_18493LPRLNRWLKIWKKVVTVFS	AMP	0.9999993	MOTIF 3..5; MOTIF 7..9; MOTIF 10..13; MOTIF 15..17
81	>DBAASP_18495LPRRNRWSKTWKKVTTVFS	AMP	0.9999993	MOTIF 3..5; MOTIF 7..9; MOTIF 10..13; MOTIF 15..17
82	>DBAASP_1160GNNRPVYIPQPRPPHPRL	AMP	0.99999833	MOTIF 2..13; MOTIF 15..15
83	>DBAASP_6336GNNRVYIPQPRPHPRL	AMP	0.9999981	MOTIF 2..13; MOTIF 15..15
84	>DBAASP_16442GVVDILKGAAKDLAGH	AMP	0.9999999	MOTIF 2..5; MOTIF 6..9; MOTIF 10..13; MOTIF 14..15
85	>DBAASP_4357GVVDILKGAAKDLAGHLATKVMNKL	AMP	0.99999416	MOTIF 2..5; MOTIF 6..9; MOTIF 11..13; MOTIF 15..17; MOTIF 19..21; MOTIF 23..23
86	>DBAASP_15145LVTLVFVGGGWKWKWKNGKWKWKW	AMP	0.99999666	MOTIF 3..5; MOTIF 6..9; MOTIF 11..13; MOTIF 15..17; MOTIF 19..21; MOTIF 23..23
87	>DBAASP_15150LVTLVFVGGGWKWKWENGKWKWQW	AMP	0.9999908	MOTIF 3..5; MOTIF 6..9; MOTIF 11..13; MOTIF 15..17; MOTIF 19..21; MOTIF 23..23
88	>DBAASP_19126GFFKKAKRKVKKAFRRVL	AMP	1.0	MOTIF 2..5; MOTIF 6..9; MOTIF 11..13; MOTIF 15..15
89	>DBAASP_19127GFFKKAKRKVKKAG	AMP	1.0	MOTIF 2..5; MOTIF 6..9; MOTIF 10..11
90	>DBAASP_20013LGLFKKLLRLILKGFKL	AMP	0.9999995	MOTIF 3..5; MOTIF 6..9; MOTIF 10..13; MOTIF 15..15
91	>DBAASP_20015LGLFKLLLRLILKGFKL	AMP	0.99999964	MOTIF 3..5; MOTIF 6..9; MOTIF 11..13; MOTIF 15..15
92	>DBAASP_17516LWKIWKKIWRVWKNWR	AMP	0.9999989	MOTIF 2..5; MOTIF 7..9; MOTIF 11..13; MOTIF 15..15
93	>DBAASP_17522LWKIWWKIWRVWWNWR	AMP	0.999997	MOTIF 2..5; MOTIF 7..9; MOTIF 11..13; MOTIF 15..15
94	>DBAASP_3178FLPLILRKIVTAL	AMP	0.9999999	MOTIF 2..5; MOTIF 6..9; MOTIF 10..11
95	>DBAASP_14102FLPLILFWIVTAL	AMP	0.99999964	MOTIF 2..5; MOTIF 6..9; MOTIF 10..11
96	>DBAASP_1584IDWKKLLDAAKQIL	AMP	0.9999999	MOTIF 2..5; MOTIF 6..9; MOTIF 11..11
97	>DBAASP_14648IDWKKLPDAAKQIL	AMP	0.99999976	MOTIF 2..5; MOTIF 6..9; MOTIF 11..11
98	>DBAASP_7635PFKIDIHLGGY	AMP	0.99999845	MOTIF 2..5; MOTIF 6..9; MOTIF 10..10
99	>DBAASP_7636TPFKISIHLGGY	AMP	0.9999994	MOTIF 2..5; MOTIF 6..9; MOTIF 10..11
